{
    "NYUv2": {
        "depth_affine_invariant": {
            "delta1": 0.9860669577705021,
            "rel": 0.02874332587647648
        },
        "depth_metric": {
            "delta1": 0.9674164145096954,
            "rel": 0.0689327673522317,
            "rmse": 0.23064591336870047
        },
        "depth_scale_invariant": {
            "delta1": 0.9822220416790849,
            "rel": 0.0340076845312998
        },
        "disparity_affine_invariant": {
            "delta1": 0.9860223978302165,
            "rel": 0.033485473622069536
        },
        "fov_x": {
            "deviation": 0.1783251311439189,
            "mae": 1.6021503552905532
        },
        "inference_time": 0.10207500151537974,
        "points_affine_invariant": {
            "delta1": 0.9688218641992009,
            "rel": 0.06886993639672385
        },
        "points_metric": {
            "delta1": 0.9688218641992009,
            "rel": 0.06886993639672385,
            "rmse": 0.14449015480753843
        },
        "points_scale_invariant": {
            "delta1": 0.982351231647923,
            "rel": 0.038810282388833044
        }
    },
    "KITTI": {
        "depth_affine_invariant": {
            "delta1": 0.8769941370339182,
            "rel": Infinity
        },
        "depth_metric": {
            "delta1": 0.6472017202690308,
            "rel": 0.1757573816022533,
            "rmse": 4.268212348131314
        },
        "depth_scale_invariant": {
            "delta1": 0.8735353189432816,
            "rel": Infinity
        },
        "disparity_affine_invariant": {
            "delta1": 0.9815014060472418,
            "rel": 0.03904087806657597
        },
        "fov_x": {
            "deviation": 10.639145808717224,
            "mae": 10.640099961059224
        },
        "inference_time": 0.09849305386923574,
        "points_affine_invariant": {
            "delta1": 0.6956144260728062,
            "rel": Infinity
        },
        "points_metric": {
            "delta1": 0.6956144260728062,
            "rel": Infinity,
            "rmse": Infinity
        },
        "points_scale_invariant": {
            "delta1": 0.8677093138386642,
            "rel": Infinity
        }
    },
    "ETH3D": {
        "depth_affine_invariant": {
            "delta1": 0.7278919375123608,
            "rel": Infinity
        },
        "depth_metric": {
            "delta1": 0.888066970848067,
            "rel": 0.09980332813459543,
            "rmse": 0.7425788631539644
        },
        "depth_scale_invariant": {
            "delta1": 0.7841363862584498,
            "rel": Infinity
        },
        "disparity_affine_invariant": {
            "delta1": 0.9885263421987122,
            "rel": 0.032996573837244234
        },
        "fov_x": {
            "deviation": 2.5212131206770345,
            "mae": 3.7377385550441677
        },
        "inference_time": 0.10366466549524651,
        "local_points": {
            "delta1": 0.9425159829123418,
            "rel": Infinity
        },
        "points_affine_invariant": {
            "delta1": 0.9157212567464387,
            "rel": Infinity
        },
        "points_metric": {
            "delta1": 0.9157212567464387,
            "rel": Infinity,
            "rmse": Infinity
        },
        "points_scale_invariant": {
            "delta1": 0.7728887432448802,
            "rel": Infinity
        }
    },
    "iBims-1": {
        "depth_affine_invariant": {
            "delta1": 0.9891304016113281,
            "rel": 0.023704381943680346
        },
        "depth_metric": {
            "delta1": 0.804687314396433,
            "rel": 0.1455782190710306,
            "rmse": 0.5490812024474144
        },
        "depth_scale_invariant": {
            "delta1": 0.9841494762897491,
            "rel": 0.032619174688588826
        },
        "disparity_affine_invariant": {
            "delta1": 0.9866556346416473,
            "rel": 0.028857635820750148
        },
        "fov_x": {
            "deviation": 3.9007640473544596,
            "mae": 4.775393698066473
        },
        "inference_time": 0.10079767942428589,
        "local_points": {
            "delta1": 0.9772598441451378,
            "rel": 0.03491892906290437
        },
        "points_affine_invariant": {
            "delta1": 0.8234643075458007,
            "rel": 0.14328572891652583
        },
        "points_metric": {
            "delta1": 0.8234643075458007,
            "rel": 0.14328572891652583,
            "rmse": 0.32998695626854896
        },
        "points_scale_invariant": {
            "delta1": 0.9842093020677567,
            "rel": 0.054739785687997936
        }
    },
    "DDAD": {
        "depth_affine_invariant": {
            "delta1": 0.14315059088636917,
            "rel": Infinity
        },
        "depth_metric": {
            "delta1": 0.7513716423143633,
            "rel": 0.1477620102018118,
            "rmse": 5.214810695379972
        },
        "depth_scale_invariant": {
            "delta1": 0.11405938194294504,
            "rel": Infinity
        },
        "disparity_affine_invariant": {
            "delta1": 0.9198461892306805,
            "rel": 0.09536242680251598
        },
        "fov_x": {
            "deviation": 4.392612826627795,
            "mae": 6.1241794022143585
        },
        "inference_time": 0.0982058892250061,
        "local_points": {
            "delta1": 0.8125039617861106,
            "rel": Infinity
        },
        "points_affine_invariant": {
            "delta1": 0.7451147402264178,
            "rel": Infinity
        },
        "points_metric": {
            "delta1": 0.7451147402264178,
            "rel": Infinity,
            "rmse": Infinity
        },
        "points_scale_invariant": {
            "delta1": 0.11343258806413724,
            "rel": Infinity
        }
    },
    "DIODE": {
        "depth_affine_invariant": {
            "delta1": 0.7747110087695214,
            "rel": Infinity
        },
        "depth_metric": {
            "delta1": 0.6795971455283233,
            "rel": 0.16671779790794145,
            "rmse": 2.4898086266662207
        },
        "depth_scale_invariant": {
            "delta1": 0.7149091767821617,
            "rel": Infinity
        },
        "disparity_affine_invariant": {
            "delta1": 0.9701428643383095,
            "rel": 0.041644849060719344
        },
        "fov_x": {
            "deviation": 6.430126770532988,
            "mae": 6.614362805407136
        },
        "inference_time": 0.1005774765781546,
        "local_points": {
            "delta1": 0.9271049229678463,
            "rel": Infinity
        },
        "points_affine_invariant": {
            "delta1": 0.6885194726875548,
            "rel": Infinity
        },
        "points_metric": {
            "delta1": 0.6885194726875548,
            "rel": Infinity,
            "rmse": Infinity
        },
        "points_scale_invariant": {
            "delta1": 0.7089429829922366,
            "rel": Infinity
        }
    },
    "HAMMER": {
        "depth_affine_invariant": {
            "delta1": 0.9951052015058456,
            "rel": 0.027204049338977184
        },
        "depth_metric": {
            "delta1": 0.6528339700978306,
            "rel": 0.2601083528058183,
            "rmse": 0.20701723971674518
        },
        "depth_scale_invariant": {
            "delta1": 0.9938694323262861,
            "rel": 0.038747892574437205
        },
        "disparity_affine_invariant": {
            "delta1": 0.9958400208719315,
            "rel": 0.02736132151116767
        },
        "fov_x": {
            "deviation": 12.168263100731757,
            "mae": 12.183428482778611
        },
        "inference_time": 0.10002826690673829,
        "points_affine_invariant": {
            "delta1": 0.6722804988835794,
            "rel": 0.27460604071136446
        },
        "points_metric": {
            "delta1": 0.6722804988835794,
            "rel": 0.27460604071136446,