{
    "NYUv2": {
        "depth_affine_invariant": {
            "delta1": 0.9840029530933508,
            "rel": 0.04101990845299323
        },
        "depth_metric": {
            "delta1": 0.0001725448409493259,
            "rel": 1.731911899846628,
            "rmse": 4.127369570440473
        },
        "depth_scale_invariant": {
            "delta1": 0.9158575804590814,
            "rel": 0.09479590101503634
        },
        "disparity_affine_invariant": {
            "delta1": 0.9841934092547915,
            "rel": 0.04725528710923337
        },
        "fov_x": {
            "deviation": 0.22837557144418916,
            "mae": 2.445633696238738
        },
        "inference_time": 0.11565828432730578,
        "points_affine_invariant": {
            "delta1": 0.00017318999068922233,
            "rel": 1.733013042616188
        },
        "points_metric": {
            "delta1": 0.00017318999068922233,
            "rel": 1.733013042616188,
            "rmse": 2.5868662599394447
        },
        "points_scale_invariant": {
            "delta1": 0.9175400067724584,
            "rel": 0.10047836998471882
        }
    },
    "KITTI": {
        "depth_affine_invariant": {
            "delta1": 0.9408171588292151,
            "rel": 0.06532328351589342
        },
        "depth_metric": {
            "delta1": 0.1083645765289821,
            "rel": 0.9227255379404027,
            "rmse": 10.737205323266105
        },
        "depth_scale_invariant": {
            "delta1": 0.6125881121339608,
            "rel": 0.19921080984083786
        },
        "disparity_affine_invariant": {
            "delta1": 0.9101872768687325,
            "rel": 0.09975055605744475
        },
        "fov_x": {
            "deviation": 11.937125165861078,
            "mae": 11.942200991730749
        },
        "inference_time": 0.11446703650468698,
        "points_affine_invariant": {
            "delta1": 0.09322561520555588,
            "rel": 0.9803863413220534
        },
        "points_metric": {
            "delta1": 0.09322561520555588,
            "rel": 0.9803863413220534,
            "rmse": 6.941561914660448
        },
        "points_scale_invariant": {
            "delta1": 0.5446237202710901,
            "rel": 0.23482458235158876
        }
    },
    "ETH3D": {
        "depth_affine_invariant": {
            "delta1": 0.9759769513874852,
            "rel": 0.04830742128693913
        },
        "depth_metric": {
            "delta1": 0.0035010740330576363,
            "rel": 2.3002248206852816,
            "rmse": 9.950218705878909
        },
        "depth_scale_invariant": {
            "delta1": 0.822502575765491,
            "rel": 0.12173068768545854
        },
        "disparity_affine_invariant": {
            "delta1": 0.9558586753937641,
            "rel": 0.07144383899867535
        },
        "fov_x": {
            "deviation": -3.593748663096701,
            "mae": 5.6132921699253995
        },
        "inference_time": 0.11766887183756555,
        "local_points": {
            "delta1": 0.9703200598034905,
            "rel": 0.05518079361199648
        },
        "points_affine_invariant": {
            "delta1": 0.0038161891219769812,
            "rel": 2.261065440293451
        },
        "points_metric": {
            "delta1": 0.0038161891219769812,
            "rel": 2.261065440293451,
            "rmse": 6.505644925365364
        },
        "points_scale_invariant": {
            "delta1": 0.8175606616661937,
            "rel": 0.13617344181328225
        }
    },
    "iBims-1": {
        "depth_affine_invariant": {
            "delta1": 0.9827667498588561,
            "rel": 0.036124885536264625
        },
        "depth_metric": {
            "delta1": 0.0006967689766361218,
            "rel": 1.9683192777633667,
            "rmse": 5.5689765024185185
        },
        "depth_scale_invariant": {
            "delta1": 0.8980014476180077,
            "rel": 0.09157095483038574
        },
        "disparity_affine_invariant": {
            "delta1": 0.9761847966909408,
            "rel": 0.04584638687316328
        },
        "fov_x": {
            "deviation": 2.3405466761440037,
            "mae": 4.298031902313232
        },
        "inference_time": 0.11389795541763306,
        "local_points": {
            "delta1": 0.9699050849858821,
            "rel": 0.05237532492724556
        },
        "points_affine_invariant": {
            "delta1": 0.0006842590025053141,
            "rel": 1.982709255218506
        },
        "points_metric": {
            "delta1": 0.0006842590025053141,
            "rel": 1.982709255218506,
            "rmse": 3.4732638239860534
        },
        "points_scale_invariant": {
            "delta1": 0.8863414287567138,
            "rel": 0.10587854674085975
        }
    },
    "DDAD": {
        "depth_affine_invariant": {
            "delta1": 0.8558831041753292,
            "rel": 0.1174646513108164
        },
        "depth_metric": {
            "delta1": 0.11221218060203682,
            "rel": 1.1156844353675843,
            "rmse": 14.612975013256072
        },
        "depth_scale_invariant": {
            "delta1": 0.528759826163121,
            "rel": 0.24612941670045257
        },
        "disparity_affine_invariant": {
            "delta1": 0.8086726183593274,
            "rel": 0.20244726713746786
        },
        "fov_x": {
            "deviation": 2.748397827818524,
            "mae": 8.332401822871994
        },
        "inference_time": 0.11427092027664185,
        "local_points": {
            "delta1": 0.9229376357206502,
            "rel": 0.08688632417080418
        },
        "points_affine_invariant": {
            "delta1": 0.11098968946943023,
            "rel": 1.0930000708699226
        },
        "points_metric": {
            "delta1": 0.11098968946943023,
            "rel": 1.0930000708699226,
            "rmse": 10.727239183425903
        },
        "points_scale_invariant": {
            "delta1": 0.496084266761085,
            "rel": 0.26394811024144293
        }
    },
    "DIODE": {
        "depth_affine_invariant": {
            "delta1": 0.947536507633487,
            "rel": 0.0527964651466247
        },
        "depth_metric": {
            "delta1": 0.05054211261851282,
            "rel": 1.6154196631313142,
            "rmse": 10.811865172497493
        },
        "depth_scale_invariant": {
            "delta1": 0.8313361381370231,
            "rel": 0.11828300875434036
        },
        "disparity_affine_invariant": {
            "delta1": 0.9403296259126774,
            "rel": 0.0694663029528874
        },
        "fov_x": {
            "deviation": 5.758828993161341,
            "mae": 6.373071634286142
        },
        "inference_time": 0.11448628583925398,
        "local_points": {
            "delta1": 0.9484930932309811,
            "rel": 0.07138497659679176
        },
        "points_affine_invariant": {
            "delta1": 0.046737676664362154,
            "rel": 1.647928268016931
        },
        "points_metric": {
            "delta1": 0.046737676664362154,
            "rel": 1.647928268016931,
            "rmse": 6.766169803615674
        },
        "points_scale_invariant": {
            "delta1": 0.8200710431784971,
            "rel": 0.140563341186185
        }
    },
    "HAMMER": {
        "depth_affine_invariant": {
            "delta1": 0.9864034869593958,
            "rel": 0.036732328057048784
        },
        "depth_metric": {
            "delta1": 2.657076824576624e-07,
            "rel": 3.548100371822234,
            "rmse": 2.6707700875497635
        },
        "depth_scale_invariant": {
            "delta1": 0.9685731630171499,
            "rel": 0.06901230078190565
        },
        "disparity_affine_invariant": {
            "delta1": 0.9891095509067659,
            "rel": 0.040690662771944074
        },
        "fov_x": {
            "deviation": 9.001808227127599,
            "mae": 9.101717695632288
        },