{
    "NYUv2": {
        "depth_affine_invariant": {
            "delta1": 0.986096269949496,
            "rel": 0.03021096636823148
        },
        "depth_metric": {
            "delta1": 0.9606084919966108,
            "rel": 0.07348157270221946,
            "rmse": 0.24574139521141117
        },
        "depth_scale_invariant": {
            "delta1": 0.9816889669917045,
            "rel": 0.036019068268278685
        },
        "disparity_affine_invariant": {
            "delta1": 0.9858184851455397,
            "rel": 0.03484988432599727
        },
        "fov_x": {
            "deviation": -1.7436301151813158,
            "mae": 2.2623699552939196
        },
        "inference_time": 0.18708018972239362,
        "points_affine_invariant": {
            "delta1": 0.9630839669669691,
            "rel": 0.0741245111205618
        },
        "points_metric": {
            "delta1": 0.9630839669669691,
            "rel": 0.0741245111205618,
            "rmse": 0.15370969376911264
        },
        "points_scale_invariant": {
            "delta1": 0.9820455744725849,
            "rel": 0.043099384527049665
        }
    },
    "KITTI": {
        "depth_affine_invariant": {
            "delta1": 0.8789861448003872,
            "rel": Infinity
        },
        "depth_metric": {
            "delta1": 0.7770887117585963,
            "rel": 0.1420539340112884,
            "rmse": 3.561431738999358
        },
        "depth_scale_invariant": {
            "delta1": 0.8754024244888673,
            "rel": Infinity
        },
        "disparity_affine_invariant": {
            "delta1": 0.9822963746778804,
            "rel": 0.038431190527072806
        },
        "fov_x": {
            "deviation": 8.053250610051345,
            "mae": 8.078151825061239
        },
        "inference_time": 0.16131321089399372,
        "points_affine_invariant": {
            "delta1": 0.8092176654173255,
            "rel": Infinity
        },
        "points_metric": {
            "delta1": 0.8092176654173255,
            "rel": Infinity,
            "rmse": Infinity
        },
        "points_scale_invariant": {
            "delta1": 0.8713332385796693,
            "rel": Infinity
        }
    },
    "ETH3D": {
        "depth_affine_invariant": {
            "delta1": 0.7361613717477611,
            "rel": Infinity
        },
        "depth_metric": {
            "delta1": 0.8817277828124782,
            "rel": 0.12309990146316359,
            "rmse": 0.7945401344924247
        },
        "depth_scale_invariant": {
            "delta1": 0.7946893583075547,
            "rel": Infinity
        },
        "disparity_affine_invariant": {
            "delta1": 0.987397487074268,
            "rel": 0.03467073337388295
        },
        "fov_x": {
            "deviation": -2.1103949586815705,
            "mae": 3.8907748130047572
        },
        "inference_time": 0.2115596968697031,
        "local_points": {
            "delta1": 0.9400235887524143,
            "rel": Infinity
        },
        "points_affine_invariant": {
            "delta1": 0.8975739416067329,
            "rel": Infinity
        },
        "points_metric": {
            "delta1": 0.8975739416067329,
            "rel": Infinity,
            "rmse": Infinity
        },
        "points_scale_invariant": {
            "delta1": 0.7642039086314023,
            "rel": Infinity
        }
    },
    "iBims-1": {
        "depth_affine_invariant": {
            "delta1": 0.9896516817808151,
            "rel": 0.02457645230810158
        },
        "depth_metric": {
            "delta1": 0.8571574796809,
            "rel": 0.13068968823179603,
            "rmse": 0.4842135691642761
        },
        "depth_scale_invariant": {
            "delta1": 0.9844478452205658,
            "rel": 0.03394044282846153
        },
        "disparity_affine_invariant": {
            "delta1": 0.9867698645591736,
            "rel": 0.029504858155269174
        },
        "fov_x": {
            "deviation": 1.0830800616927445,
            "mae": 3.366951845865697
        },
        "inference_time": 0.16400440216064452,
        "local_points": {
            "delta1": 0.977029146047249,
            "rel": 0.037082965885907364
        },
        "points_affine_invariant": {
            "delta1": 0.8707592058705632,
            "rel": 0.12946472929790617
        },
        "points_metric": {
            "delta1": 0.8707592058705632,
            "rel": 0.12946472929790617,
            "rmse": 0.2934191327728331
        },
        "points_scale_invariant": {
            "delta1": 0.9842319977283478,
            "rel": 0.04733489473350346
        }
    },
    "DDAD": {
        "depth_affine_invariant": {
            "delta1": 0.14770990739146145,
            "rel": Infinity
        },
        "depth_metric": {
            "delta1": 0.7576608432189096,
            "rel": 0.16038200733996927,
            "rmse": 5.022149974346161
        },
        "depth_scale_invariant": {
            "delta1": 0.11755313926641611,
            "rel": Infinity
        },
        "disparity_affine_invariant": {
            "delta1": 0.9185796751976013,
            "rel": 0.09679756161011756
        },
        "fov_x": {
            "deviation": 1.006255349044688,
            "mae": 6.2472655327199025
        },
        "inference_time": 0.16740968608856202,
        "local_points": {
            "delta1": 0.8134691903881612,
            "rel": Infinity
        },
        "points_affine_invariant": {
            "delta1": 0.7637445761598647,
            "rel": Infinity
        },
        "points_metric": {
            "delta1": 0.7637445761598647,
            "rel": Infinity,
            "rmse": Infinity
        },
        "points_scale_invariant": {
            "delta1": 0.1171138849844774,
            "rel": Infinity
        }
    },
    "DIODE": {
        "depth_affine_invariant": {
            "delta1": 0.7819126614464375,
            "rel": Infinity
        },
        "depth_metric": {
            "delta1": 0.7481146276553748,
            "rel": 0.1557615470290957,
            "rmse": 2.1323748145025374
        },
        "depth_scale_invariant": {
            "delta1": 0.7191711657714683,
            "rel": Infinity
        },
        "disparity_affine_invariant": {
            "delta1": 0.971383632698257,
            "rel": 0.041625262411424814
        },
        "fov_x": {
            "deviation": 4.868690054452991,
            "mae": 5.198932574895221
        },
        "inference_time": 0.1146909296899145,
        "local_points": {
            "delta1": 0.9256462171321446,
            "rel": Infinity
        },
        "points_affine_invariant": {
            "delta1": 0.75762919304251,
            "rel": Infinity
        },
        "points_metric": {
            "delta1": 0.75762919304251,
            "rel": Infinity,
            "rmse": Infinity
        },
        "points_scale_invariant": {
            "delta1": 0.7145285844537765,
            "rel": Infinity
        }
    },
    "HAMMER": {
        "depth_affine_invariant": {
            "delta1": 0.9944883346557617,
            "rel": 0.028047595996890336
        },
        "depth_metric": {
            "delta1": 0.6068326543563918,
            "rel": 0.28925488995448234,
            "rmse": 0.22970420068790837
        },
        "depth_scale_invariant": {
            "delta1": 0.9935001910886457,
            "rel": 0.038054118786127335
        },
        "disparity_affine_invariant": {
            "delta1": 0.9957644170330416,
            "rel": 0.028269979626300835
        },
        "fov_x": {
            "deviation": 7.869801347086266,
            "mae": 7.958493285213987
        },
        "inference_time": 0.11572294727448494,
        "points_affine_invariant": {
            "delta1": 0.6506678659633783,
            "rel": 0.2922199256525886
        },
        "points_metric": {
            "delta1": 0.6506678659633783,
            "rel": 0.2922199256525886,